<BackupInst xmlns="http://www.microsoft.com/GroupPolicy/GPOOperations/Manifest" xmlns:mfst="http://www.microsoft.com/GroupPolicy/GPOOperations/Manifest" mfst:SIPresent="true"><GPOGuid><![CDATA[{85AF3EF6-54EE-4DF4-B0C5-38BA5A8AFF9D}]]></GPOGuid><GPODomain><![CDATA[corp.testlab.com]]></GPODomain><GPODomainGuid><![CDATA[{0bbee9fb-c431-4748-8778-8f2d12aaa9f7}]]></GPODomainGuid><GPODomainController><![CDATA[SERVER.corp.testlab.com]]></GPODomainController><BackupTime><![CDATA[2021-11-10T20:21:08]]></BackupTime><ID><![CDATA[{51485BF8-8EAE-483E-AC1F-610CB462A697}]]></ID><Comment><![CDATA[]]></Comment><GPODisplayName><![CDATA[PYRAMID - Windows 10 Policy Desktop]]></GPODisplayName></BackupInst>
