<BackupInst xmlns="http://www.microsoft.com/GroupPolicy/GPOOperations/Manifest"><GPOGuid><![CDATA[{216A413C-E28C-4F9C-B95D-CC3B9BF67525}]]></GPOGuid><GPODomain><![CDATA[corp.customer.com]]></GPODomain><GPODomainGuid><![CDATA[{51cc2485-1b17-4468-9411-382549a9317a}]]></GPODomainGuid><GPODomainController><![CDATA[SERVER.corp.customer.com]]></GPODomainController><BackupTime><![CDATA[2021-11-11T17:37:36]]></BackupTime><ID><![CDATA[{E9E3E90A-6EA4-412E-A732-04384D1AF396}]]></ID><Comment><![CDATA[]]></Comment><GPODisplayName><![CDATA[PYRAMID - Default User Policy]]></GPODisplayName></BackupInst>
