<BackupInst xmlns="http://www.microsoft.com/GroupPolicy/GPOOperations/Manifest"><GPOGuid><![CDATA[{05DFB51D-0C9E-4904-9CDA-7E759EF1F970}]]></GPOGuid><GPODomain><![CDATA[corp.testlab.com]]></GPODomain><GPODomainGuid><![CDATA[{0bbee9fb-c431-4748-8778-8f2d12aaa9f7}]]></GPODomainGuid><GPODomainController><![CDATA[SERVER.corp.testlab.com]]></GPODomainController><BackupTime><![CDATA[2021-11-10T20:21:07]]></BackupTime><ID><![CDATA[{FF06DEB1-D4B4-4B5C-9BB2-E8C573DC5629}]]></ID><Comment><![CDATA[]]></Comment><GPODisplayName><![CDATA[PYRAMID - Domain Server Member Policy 2019]]></GPODisplayName></BackupInst>
