<?xml version="1.0" encoding="utf-8"?><!-- Copyright (c) Microsoft Corporation.  All rights reserved. --><GroupPolicyBackupScheme bkp:version="2.0" bkp:type="GroupPolicyBackupTemplate" xmlns:bkp="http://www.microsoft.com/GroupPolicy/GPOOperations" xmlns="http://www.microsoft.com/GroupPolicy/GPOOperations">
    <GroupPolicyObject><SecurityGroups><Group><Sid/><SamAccountName><![CDATA[Administrators]]></SamAccountName><Type><![CDATA[Unknown]]></Type><NetBIOSDomainName/><DnsDomainName/><UPN/></Group><Group><Sid/><SamAccountName><![CDATA[Users]]></SamAccountName><Type><![CDATA[Unknown]]></Type><NetBIOSDomainName/><DnsDomainName/><UPN/></Group><Group><Sid/><SamAccountName><![CDATA[LOCAL SERVICE]]></SamAccountName><Type><![CDATA[Unknown]]></Type><NetBIOSDomainName/><DnsDomainName/><UPN/></Group><Group><Sid/><SamAccountName><![CDATA[NETWORK SERVICE]]></SamAccountName><Type><![CDATA[Unknown]]></Type><NetBIOSDomainName/><DnsDomainName/><UPN/></Group><Group><Sid/><SamAccountName><![CDATA[SERVICE]]></SamAccountName><Type><![CDATA[Unknown]]></Type><NetBIOSDomainName/><DnsDomainName/><UPN/></Group><Group><Sid/><SamAccountName><![CDATA[Guests]]></SamAccountName><Type><![CDATA[Unknown]]></Type><NetBIOSDomainName/><DnsDomainName/><UPN/></Group><Group><Sid><![CDATA[S-1-5-21-515967899-1383384898-839522115-512]]></Sid><SamAccountName/><Type><![CDATA[Unknown]]></Type><NetBIOSDomainName/><DnsDomainName/><UPN/></Group><Group><Sid><![CDATA[S-1-5-21-515967899-1383384898-839522115-519]]></Sid><SamAccountName/><Type><![CDATA[Unknown]]></Type><NetBIOSDomainName/><DnsDomainName/><UPN/></Group><Group><Sid/><SamAccountName><![CDATA[Local account]]></SamAccountName><Type><![CDATA[Unknown]]></Type><NetBIOSDomainName/><DnsDomainName/><UPN/></Group><Group><Sid/><SamAccountName><![CDATA[Local account and member of Administrators group]]></SamAccountName><Type><![CDATA[Unknown]]></Type><NetBIOSDomainName/><DnsDomainName/><UPN/></Group><Group><Sid/><SamAccountName><![CDATA[Remote Desktop Users]]></SamAccountName><Type><![CDATA[Unknown]]></Type><NetBIOSDomainName/><DnsDomainName/><UPN/></Group><Group><Sid/><SamAccountName><![CDATA[Authenticated Users]]></SamAccountName><Type><![CDATA[Unknown]]></Type><NetBIOSDomainName/><DnsDomainName/><UPN/></Group><Group bkp:Source="FromDACL"><Sid><![CDATA[S-1-5-21-2861421527-3752192807-2116148700-519]]></Sid><SamAccountName><![CDATA[Enterprise Admins]]></SamAccountName><Type><![CDATA[UniversalGroup]]></Type><NetBIOSDomainName><![CDATA[TESTLAB]]></NetBIOSDomainName><DnsDomainName><![CDATA[corp.testlab.com]]></DnsDomainName><UPN><![CDATA[Enterprise Admins@corp.testlab.com]]></UPN></Group><Group bkp:Source="FromDACL"><Sid><![CDATA[S-1-5-21-2861421527-3752192807-2116148700-512]]></Sid><SamAccountName><![CDATA[Domain Admins]]></SamAccountName><Type><![CDATA[GlobalGroup]]></Type><NetBIOSDomainName><![CDATA[TESTLAB]]></NetBIOSDomainName><DnsDomainName><![CDATA[corp.testlab.com]]></DnsDomainName><UPN><![CDATA[Domain Admins@corp.testlab.com]]></UPN></Group></SecurityGroups><FilePaths><Path><![CDATA[\\Server\it$]]></Path></FilePaths><GroupPolicyCoreSettings><ID><![CDATA[{07B9B345-94CB-43F9-9BD7-2EB9AAFED940}]]></ID><Domain><![CDATA[corp.testlab.com]]></Domain><SecurityDescriptor>01 00 04 9c 00 00 00 00 00 00 00 00 00 00 00 00 14 00 00 00 04 00 ec 00 08 00 00 00 05 02 28 00 00 01 00 00 01 00 00 00 8f fd ac ed b3 ff d1 11 b4 1d 00 a0 c9 68 f9 39 01 01 00 00 00 00 00 05 0b 00 00 00 00 00 24 00 ff 00 0f 00 01 05 00 00 00 00 00 05 15 00 00 00 d7 d3 8d aa 27 eb a5 df dc dd 21 7e 00 02 00 00 00 02 24 00 ff 00 0f 00 01 05 00 00 00 00 00 05 15 00 00 00 d7 d3 8d aa 27 eb a5 df dc dd 21 7e 00 02 00 00 00 02 24 00 ff 00 0f 00 01 05 00 00 00 00 00 05 15 00 00 00 d7 d3 8d aa 27 eb a5 df dc dd 21 7e 07 02 00 00 00 02 14 00 94 00 02 00 01 01 00 00 00 00 00 05 09 00 00 00 00 02 14 00 94 00 02 00 01 01 00 00 00 00 00 05 0b 00 00 00 00 02 14 00 ff 00 0f 00 01 01 00 00 00 00 00 05 12 00 00 00 00 0a 14 00 ff 00 0f 00 01 01 00 00 00 00 00 03 00 00 00 00</SecurityDescriptor><DisplayName><![CDATA[PYRAMID - Windows 10 Policy Laptop]]></DisplayName><Options><![CDATA[0]]></Options><UserVersionNumber><![CDATA[65537]]></UserVersionNumber><MachineVersionNumber><![CDATA[720907]]></MachineVersionNumber><MachineExtensionGuids><![CDATA[[{35378EAC-683F-11D2-A89A-00C04FBBCFA2}{B05566AC-FE9C-4368-BE01-7A4CBB6CBA11}{D02B1F72-3407-48AE-BA88-E8213C6761F1}][{7933F41E-56F8-41D6-A31C-4148A711EE93}{D02B1F72-3407-48AE-BA88-E8213C6761F1}][{827D319E-6EAC-11D2-A4EA-00C04F79F83A}{803E14A0-B4FB-11D0-A0D0-00A0C90F574B}][{C6DC5466-785A-11D2-84D0-00C04FB169F7}{942A8E4F-A261-11D1-A760-00C04FB9603F}][{D76B9641-3288-4F75-942D-087DE603E3EA}{D02B1F72-3407-48AE-BA88-E8213C6761F1}][{F312195E-3D9D-447A-A3F5-08DFFA24735E}{D02B1F72-3407-48AE-BA88-E8213C6761F1}][{F3CCC681-B74C-4060-9F26-CD84525DCA2A}{0F3F3735-573D-9804-99E4-AB2A69BA5FD4}]]]></MachineExtensionGuids><UserExtensionGuids/><WMIFilter/></GroupPolicyCoreSettings> 
        <GroupPolicyExtension bkp:ID="{35378EAC-683F-11D2-A89A-00C04FBBCFA2}" bkp:DescName="Registry">
            <FSObjectFile bkp:Path="%GPO_MACH_FSPATH%\registry.pol" bkp:SourceExpandedPath="\\SERVER.corp.testlab.com\sysvol\corp.testlab.com\Policies\{07B9B345-94CB-43F9-9BD7-2EB9AAFED940}\Machine\registry.pol" bkp:Location="DomainSysvol\GPO\Machine\registry.pol"/>
            
            <FSObjectFile bkp:Path="%GPO_FSPATH%\Adm\*.*" bkp:SourceExpandedPath="\\SERVER.corp.testlab.com\sysvol\corp.testlab.com\Policies\{07B9B345-94CB-43F9-9BD7-2EB9AAFED940}\Adm\*.*"/>
        </GroupPolicyExtension>
        
        
        
        
        <GroupPolicyExtension bkp:ID="{827D319E-6EAC-11D2-A4EA-00C04F79F83A}" bkp:DescName="Security">
            <FSObjectFile bkp:Path="%GPO_MACH_FSPATH%\microsoft\windows nt\SecEdit\GptTmpl.inf" bkp:SourceExpandedPath="\\SERVER.corp.testlab.com\sysvol\corp.testlab.com\Policies\{07B9B345-94CB-43F9-9BD7-2EB9AAFED940}\Machine\microsoft\windows nt\SecEdit\GptTmpl.inf" bkp:ReEvaluateFunction="SecurityValidateSettings" bkp:Location="DomainSysvol\GPO\Machine\microsoft\windows nt\SecEdit\GptTmpl.inf"/>
        </GroupPolicyExtension>
        
        
        
        <GroupPolicyExtension bkp:ID="{c6dc5466-785a-11d2-84d0-00c04fb169f7}" bkp:DescName="Software Installation">
            
        <DSObject bkp:Path="cn=Class Store,%GPO_MACH_DSPATH%" bkp:ObjectClass="classStore" bkp:SourceExpandedPath="cn=Class Store,cn=Machine,cn={07B9B345-94CB-43F9-9BD7-2EB9AAFED940},CN=Policies,CN=System,DC=corp,DC=testlab,DC=com">
                <DSObject bkp:Path="cn=Packages,cn=Class Store,%GPO_MACH_DSPATH%" bkp:ObjectClass="classStore" bkp:SourceExpandedPath="cn=Packages,cn=Class Store,cn=Machine,cn={07B9B345-94CB-43F9-9BD7-2EB9AAFED940},CN=Policies,CN=System,DC=corp,DC=testlab,DC=com">
                    <DSObject bkp:Path="*,cn=Packages,cn=Class Store,%GPO_MACH_DSPATH%" bkp:ObjectClass="packageRegistration" bkp:SourceExpandedPath="*,cn=Packages,cn=Class Store,cn=Machine,cn={07B9B345-94CB-43F9-9BD7-2EB9AAFED940},CN=Policies,CN=System,DC=corp,DC=testlab,DC=com" bkp:ReEvaluateFunction="SIProcessAllPackageObjects"><DSObject bkp:ObjectClass="packageRegistration" bkp:Path="CN=9e5652c0-4c74-479d-a890-4ffca82768e9,CN=Packages,CN=Class Store,%GPO_MACH_DSPATH%" bkp:SourceExpandedPath="CN=9e5652c0-4c74-479d-a890-4ffca82768e9,CN=Packages,CN=Class Store,cn=Machine,cn={07B9B345-94CB-43F9-9BD7-2EB9AAFED940},CN=Policies,CN=System,DC=corp,DC=testlab,DC=com" bkp:ReEvaluateFunction="SIProcessPackageObject"><FSObjectFile bkp:Path="%GPO_MACH_FSPATH%\Applications\{4F0A2A22-254D-44A6-BC9B-D0AF2BBB34EB}.aas" bkp:SourceExpandedPath="\\SERVER.corp.testlab.com\sysvol\corp.testlab.com\Policies\{07B9B345-94CB-43F9-9BD7-2EB9AAFED940}\Machine\Applications\{4F0A2A22-254D-44A6-BC9B-D0AF2BBB34EB}.aas" bkp:Location="DomainSysvol\GPO\Machine\Applications\{4F0A2A22-254D-44A6-BC9B-D0AF2BBB34EB}.aas"/>
                        <SecurityDescriptor>01 00 04 8c 00 00 00 00 00 00 00 00 00 00 00 00 14 00 00 00 04 00 14 01 0a 00 00 00 00 00 24 00 ff 01 0f 00 01 05 00 00 00 00 00 05 15 00 00 00 d7 d3 8d aa 27 eb a5 df dc dd 21 7e 00 02 00 00 00 00 14 00 94 00 02 00 01 01 00 00 00 00 00 05 0b 00 00 00 00 00 14 00 ff 01 0f 00 01 01 00 00 00 00 00 05 12 00 00 00 05 12 28 00 00 01 00 00 01 00 00 00 8f fd ac ed b3 ff d1 11 b4 1d 00 a0 c9 68 f9 39 01 01 00 00 00 00 00 05 0b 00 00 00 00 12 24 00 ff 00 0f 00 01 05 00 00 00 00 00 05 15 00 00 00 d7 d3 8d aa 27 eb a5 df dc dd 21 7e 00 02 00 00 00 12 24 00 ff 00 0f 00 01 05 00 00 00 00 00 05 15 00 00 00 d7 d3 8d aa 27 eb a5 df dc dd 21 7e 07 02 00 00 00 12 14 00 94 00 02 00 01 01 00 00 00 00 00 05 09 00 00 00 00 12 14 00 94 00 02 00 01 01 00 00 00 00 00 05 0b 00 00 00 00 12 14 00 ff 00 0f 00 01 01 00 00 00 00 00 05 12 00 00 00 00 1a 14 00 ff 00 0f 00 01 01 00 00 00 00 00 03 00 00 00 00</SecurityDescriptor>
                        <DSAttributeBinary bkp:DSAttrName="objectGUID"><DSValue><![CDATA[b1 6a 24 bb 8a b5 ea 4c b2 ba 3c f7 f9 6e 7d c1]]></DSValue></DSAttributeBinary>
                        <DSAttributeMultiString bkp:DSAttrName="cOMClassID"><DSValue><![CDATA[00000000-0000-0000-0000-000000000000:0]]></DSValue></DSAttributeMultiString>
                        <DSAttributeMultiString bkp:DSAttrName="cOMProgID"/>
                        <DSAttributeMultiString bkp:DSAttrName="fileExtPriority"/>
                        <DSAttributeMultiDWORD bkp:DSAttrName="localeID"><DSValue><![CDATA[1033]]></DSValue></DSAttributeMultiDWORD>
                        <DSAttributeMultiDWORD bkp:DSAttrName="machineArchitecture"><DSValue><![CDATA[150996226]]></DSValue></DSAttributeMultiDWORD>
                        <DSAttributeDWORD bkp:DSAttrName="versionNumberHi"><DSValue><![CDATA[6]]></DSValue></DSAttributeDWORD>
                        <DSAttributeDWORD bkp:DSAttrName="versionNumberLo"><DSValue><![CDATA[2]]></DSValue></DSAttributeDWORD>
                        <DSAttributeDWORD bkp:DSAttrName="revision"><DSValue><![CDATA[0]]></DSValue></DSAttributeDWORD>
                        <DSAttributeDWORD bkp:DSAttrName="packageType"><DSValue><![CDATA[5]]></DSValue></DSAttributeDWORD>
                        <DSAttributeDWORD bkp:DSAttrName="packageFlags"><DSValue><![CDATA[2684374128]]></DSValue></DSAttributeDWORD>
                        <DSAttributeString bkp:DSAttrName="packageName"><DSValue><![CDATA[Local Administrator Password Solution]]></DSValue></DSAttributeString>
                        <DSAttributeString bkp:DSAttrName="msiScriptPath"><DSValue><![CDATA[\\corp.testlab.com\sysvol\corp.testlab.com\Policies\{07B9B345-94CB-43F9-9BD7-2EB9AAFED940}\Machine\Applications\{4F0A2A22-254D-44A6-BC9B-D0AF2BBB34EB}.aas]]></DSValue></DSAttributeString>
                        <DSAttributeString bkp:DSAttrName="msiScriptName"><DSValue><![CDATA[A]]></DSValue></DSAttributeString>
                        <DSAttributeDWORD bkp:DSAttrName="msiScriptSize"/>
                        <DSAttributeMultiString bkp:DSAttrName="url"/>
                        <DSAttributeString bkp:DSAttrName="setupCommand"/>
                        <DSAttributeString bkp:DSAttrName="lastUpdateSequence"><DSValue><![CDATA[20211110201703]]></DSValue></DSAttributeString>
                        <DSAttributeMultiString bkp:DSAttrName="msiFileList"><DSValue><![CDATA[0:\\Server\it$\LAPS.x64.msi]]></DSValue></DSAttributeMultiString>
                        <DSAttributeMultiString bkp:DSAttrName="categories"/>
                        <DSAttributeMultiString bkp:DSAttrName="canUpgradeScript"/>
                        <DSAttributeDWORD bkp:DSAttrName="installUiLevel"><DSValue><![CDATA[5]]></DSValue></DSAttributeDWORD>
                        <DSAttributeBinary bkp:DSAttrName="msiScript"/>
                        <DSAttributeString bkp:DSAttrName="displayName"><DSValue><![CDATA[Local Administrator Password Solution]]></DSValue></DSAttributeString>
                        <DSAttributeBinary bkp:DSAttrName="productCode"><DSValue><![CDATA[7b ca e2 97 57 b6 f7 4f a6 db 30 ec c7 3e 1e 28]]></DSValue></DSAttributeBinary>
                        <DSAttributeBinary bkp:DSAttrName="upgradeProductCode"><DSValue><![CDATA[77 1f 46 a6 33 08 f5 48 a8 a7 86 c3 bf b6 88 7a]]></DSValue></DSAttributeBinary>
                        <DSAttributeString bkp:DSAttrName="Vendor"/>
                    </DSObject><DSObject bkp:ObjectClass="packageRegistration" bkp:Path="CN=68dfd328-6c43-41c6-92ef-8cad2ef1853f,CN=Packages,CN=Class Store,%GPO_MACH_DSPATH%" bkp:SourceExpandedPath="CN=68dfd328-6c43-41c6-92ef-8cad2ef1853f,CN=Packages,CN=Class Store,cn=Machine,cn={07B9B345-94CB-43F9-9BD7-2EB9AAFED940},CN=Policies,CN=System,DC=corp,DC=testlab,DC=com" bkp:ReEvaluateFunction="SIProcessPackageObject"><FSObjectFile bkp:Path="%GPO_MACH_FSPATH%\Applications\{23A4D270-19CA-493F-A0B9-728DDA45AB14}.aas" bkp:SourceExpandedPath="\\SERVER.corp.testlab.com\sysvol\corp.testlab.com\Policies\{07B9B345-94CB-43F9-9BD7-2EB9AAFED940}\Machine\Applications\{23A4D270-19CA-493F-A0B9-728DDA45AB14}.aas" bkp:Location="DomainSysvol\GPO\Machine\Applications\{23A4D270-19CA-493F-A0B9-728DDA45AB14}.aas"/>
                        <SecurityDescriptor>01 00 04 8c 00 00 00 00 00 00 00 00 00 00 00 00 14 00 00 00 04 00 14 01 0a 00 00 00 00 00 24 00 ff 01 0f 00 01 05 00 00 00 00 00 05 15 00 00 00 d7 d3 8d aa 27 eb a5 df dc dd 21 7e 00 02 00 00 00 00 14 00 94 00 02 00 01 01 00 00 00 00 00 05 0b 00 00 00 00 00 14 00 ff 01 0f 00 01 01 00 00 00 00 00 05 12 00 00 00 05 12 28 00 00 01 00 00 01 00 00 00 8f fd ac ed b3 ff d1 11 b4 1d 00 a0 c9 68 f9 39 01 01 00 00 00 00 00 05 0b 00 00 00 00 12 24 00 ff 00 0f 00 01 05 00 00 00 00 00 05 15 00 00 00 d7 d3 8d aa 27 eb a5 df dc dd 21 7e 00 02 00 00 00 12 24 00 ff 00 0f 00 01 05 00 00 00 00 00 05 15 00 00 00 d7 d3 8d aa 27 eb a5 df dc dd 21 7e 07 02 00 00 00 12 14 00 94 00 02 00 01 01 00 00 00 00 00 05 09 00 00 00 00 12 14 00 94 00 02 00 01 01 00 00 00 00 00 05 0b 00 00 00 00 12 14 00 ff 00 0f 00 01 01 00 00 00 00 00 05 12 00 00 00 00 1a 14 00 ff 00 0f 00 01 01 00 00 00 00 00 03 00 00 00 00</SecurityDescriptor>
                        <DSAttributeBinary bkp:DSAttrName="objectGUID"><DSValue><![CDATA[23 cb 85 df ec 84 b7 42 83 43 88 f9 ff e5 97 7f]]></DSValue></DSAttributeBinary>
                        <DSAttributeMultiString bkp:DSAttrName="cOMClassID"><DSValue><![CDATA[00000000-0000-0000-0000-000000000000:0]]></DSValue></DSAttributeMultiString>
                        <DSAttributeMultiString bkp:DSAttrName="cOMProgID"/>
                        <DSAttributeMultiString bkp:DSAttrName="fileExtPriority"/>
                        <DSAttributeMultiDWORD bkp:DSAttrName="localeID"><DSValue><![CDATA[1033]]></DSValue></DSAttributeMultiDWORD>
                        <DSAttributeMultiDWORD bkp:DSAttrName="machineArchitecture"><DSValue><![CDATA[150996226]]></DSValue></DSAttributeMultiDWORD>
                        <DSAttributeDWORD bkp:DSAttrName="versionNumberHi"><DSValue><![CDATA[6]]></DSValue></DSAttributeDWORD>
                        <DSAttributeDWORD bkp:DSAttrName="versionNumberLo"><DSValue><![CDATA[2]]></DSValue></DSAttributeDWORD>
                        <DSAttributeDWORD bkp:DSAttrName="revision"><DSValue><![CDATA[0]]></DSValue></DSAttributeDWORD>
                        <DSAttributeDWORD bkp:DSAttrName="packageType"><DSValue><![CDATA[5]]></DSValue></DSAttributeDWORD>
                        <DSAttributeDWORD bkp:DSAttrName="packageFlags"><DSValue><![CDATA[2684354832]]></DSValue></DSAttributeDWORD>
                        <DSAttributeString bkp:DSAttrName="packageName"><DSValue><![CDATA[Local Administrator Password Solution]]></DSValue></DSAttributeString>
                        <DSAttributeString bkp:DSAttrName="msiScriptPath"><DSValue><![CDATA[\\corp.testlab.com\sysvol\corp.testlab.com\Policies\{07B9B345-94CB-43F9-9BD7-2EB9AAFED940}\Machine\Applications\{23A4D270-19CA-493F-A0B9-728DDA45AB14}.aas]]></DSValue></DSAttributeString>
                        <DSAttributeString bkp:DSAttrName="msiScriptName"><DSValue><![CDATA[R]]></DSValue></DSAttributeString>
                        <DSAttributeDWORD bkp:DSAttrName="msiScriptSize"/>
                        <DSAttributeMultiString bkp:DSAttrName="url"/>
                        <DSAttributeString bkp:DSAttrName="setupCommand"/>
                        <DSAttributeString bkp:DSAttrName="lastUpdateSequence"><DSValue><![CDATA[20211110201656]]></DSValue></DSAttributeString>
                        <DSAttributeMultiString bkp:DSAttrName="msiFileList"><DSValue><![CDATA[0:\\Harris-dc02\it$\LAPS.x64.msi]]></DSValue></DSAttributeMultiString>
                        <DSAttributeMultiString bkp:DSAttrName="categories"/>
                        <DSAttributeMultiString bkp:DSAttrName="canUpgradeScript"/>
                        <DSAttributeDWORD bkp:DSAttrName="installUiLevel"><DSValue><![CDATA[5]]></DSValue></DSAttributeDWORD>
                        <DSAttributeBinary bkp:DSAttrName="msiScript"/>
                        <DSAttributeString bkp:DSAttrName="displayName"><DSValue><![CDATA[Local Administrator Password Solution]]></DSValue></DSAttributeString>
                        <DSAttributeBinary bkp:DSAttrName="productCode"><DSValue><![CDATA[7b ca e2 97 57 b6 f7 4f a6 db 30 ec c7 3e 1e 28]]></DSValue></DSAttributeBinary>
                        <DSAttributeBinary bkp:DSAttrName="upgradeProductCode"><DSValue><![CDATA[77 1f 46 a6 33 08 f5 48 a8 a7 86 c3 bf b6 88 7a]]></DSValue></DSAttributeBinary>
                        <DSAttributeString bkp:DSAttrName="Vendor"/>
                    </DSObject>
                        <SecurityDescriptor/>
                        <DSAttributeBinary bkp:DSAttrName="objectGUID"/>
                        <DSAttributeMultiString bkp:DSAttrName="cOMClassID"/>
                        <DSAttributeMultiString bkp:DSAttrName="cOMProgID"/>
                        <DSAttributeMultiString bkp:DSAttrName="fileExtPriority"/>
                        <DSAttributeMultiDWORD bkp:DSAttrName="localeID"/>
                        <DSAttributeMultiDWORD bkp:DSAttrName="machineArchitecture"/>
                        <DSAttributeDWORD bkp:DSAttrName="versionNumberHi"/>
                        <DSAttributeDWORD bkp:DSAttrName="versionNumberLo"/>
                        <DSAttributeDWORD bkp:DSAttrName="revision"/>
                        <DSAttributeDWORD bkp:DSAttrName="packageType"/>
                        <DSAttributeDWORD bkp:DSAttrName="packageFlags"/>
                        <DSAttributeString bkp:DSAttrName="packageName"/>
                        <DSAttributeString bkp:DSAttrName="msiScriptPath"/>
                        <DSAttributeString bkp:DSAttrName="msiScriptName"/>
                        <DSAttributeDWORD bkp:DSAttrName="msiScriptSize"/>
                        <DSAttributeMultiString bkp:DSAttrName="url"/>
                        <DSAttributeString bkp:DSAttrName="setupCommand"/>
                        <DSAttributeString bkp:DSAttrName="lastUpdateSequence"/>
                        <DSAttributeMultiString bkp:DSAttrName="msiFileList"/>
                        <DSAttributeMultiString bkp:DSAttrName="categories"/>
                        <DSAttributeMultiString bkp:DSAttrName="canUpgradeScript"/>
                        <DSAttributeDWORD bkp:DSAttrName="installUiLevel"/>
                        <DSAttributeBinary bkp:DSAttrName="msiScript"/>
                        <DSAttributeString bkp:DSAttrName="displayName"/>
                        <DSAttributeBinary bkp:DSAttrName="productCode"/>
                        <DSAttributeBinary bkp:DSAttrName="upgradeProductCode"/>
                        <DSAttributeString bkp:DSAttrName="Vendor"/>
                    </DSObject>
                </DSObject>
                <DSAttributeDWORD bkp:DSAttrName="appSchemaVersion"><DSValue><![CDATA[1740]]></DSValue></DSAttributeDWORD>
                <DSAttributeString bkp:DSAttrName="extensionName"><DSValue><![CDATA[PYRAMID - Windows 10 Policy Laptop]]></DSValue></DSAttributeString>
                <DSAttributeString bkp:DSAttrName="description"><DSValue><![CDATA[Application Store]]></DSValue></DSAttributeString>
                <DSAttributeExpandedString bkp:DSAttrName="displayName">
                    <DSValue>LDAP://%GPO_DSPATH%</DSValue>
                </DSAttributeExpandedString>
            </DSObject>
        </GroupPolicyExtension>
    <GroupPolicyExtension bkp:ID="{F15C46CD-82A0-4C2D-A210-5D0D3182A418}" bkp:DescName="Unknown Extension"><FSObjectDir bkp:Path="%GPO_MACH_FSPATH%\Applications" bkp:SourceExpandedPath="\\SERVER.corp.testlab.com\sysvol\corp.testlab.com\Policies\{07B9B345-94CB-43F9-9BD7-2EB9AAFED940}\Machine\Applications" bkp:Location="DomainSysvol\GPO\Machine\Applications"/><FSObjectFile bkp:Path="%GPO_MACH_FSPATH%\comment.cmtx" bkp:SourceExpandedPath="\\SERVER.corp.testlab.com\sysvol\corp.testlab.com\Policies\{07B9B345-94CB-43F9-9BD7-2EB9AAFED940}\Machine\comment.cmtx" bkp:Location="DomainSysvol\GPO\Machine\comment.cmtx"/><FSObjectDir bkp:Path="%GPO_MACH_FSPATH%\microsoft" bkp:SourceExpandedPath="\\SERVER.corp.testlab.com\sysvol\corp.testlab.com\Policies\{07B9B345-94CB-43F9-9BD7-2EB9AAFED940}\Machine\microsoft" bkp:Location="DomainSysvol\GPO\Machine\microsoft"/><FSObjectDir bkp:Path="%GPO_MACH_FSPATH%\microsoft\windows nt" bkp:SourceExpandedPath="\\SERVER.corp.testlab.com\sysvol\corp.testlab.com\Policies\{07B9B345-94CB-43F9-9BD7-2EB9AAFED940}\Machine\microsoft\windows nt" bkp:Location="DomainSysvol\GPO\Machine\microsoft\windows nt"/><FSObjectDir bkp:Path="%GPO_MACH_FSPATH%\microsoft\windows nt\Audit" bkp:SourceExpandedPath="\\SERVER.corp.testlab.com\sysvol\corp.testlab.com\Policies\{07B9B345-94CB-43F9-9BD7-2EB9AAFED940}\Machine\microsoft\windows nt\Audit" bkp:Location="DomainSysvol\GPO\Machine\microsoft\windows nt\Audit"/><FSObjectFile bkp:Path="%GPO_MACH_FSPATH%\microsoft\windows nt\Audit\audit.csv" bkp:SourceExpandedPath="\\SERVER.corp.testlab.com\sysvol\corp.testlab.com\Policies\{07B9B345-94CB-43F9-9BD7-2EB9AAFED940}\Machine\microsoft\windows nt\Audit\audit.csv" bkp:Location="DomainSysvol\GPO\Machine\microsoft\windows nt\Audit\audit.csv"/><FSObjectDir bkp:Path="%GPO_MACH_FSPATH%\microsoft\windows nt\SecEdit" bkp:SourceExpandedPath="\\SERVER.corp.testlab.com\sysvol\corp.testlab.com\Policies\{07B9B345-94CB-43F9-9BD7-2EB9AAFED940}\Machine\microsoft\windows nt\SecEdit" bkp:Location="DomainSysvol\GPO\Machine\microsoft\windows nt\SecEdit"/><FSObjectDir bkp:Path="%GPO_MACH_FSPATH%\Scripts" bkp:SourceExpandedPath="\\SERVER.corp.testlab.com\sysvol\corp.testlab.com\Policies\{07B9B345-94CB-43F9-9BD7-2EB9AAFED940}\Machine\Scripts" bkp:Location="DomainSysvol\GPO\Machine\Scripts"/><FSObjectDir bkp:Path="%GPO_MACH_FSPATH%\Scripts\Shutdown" bkp:SourceExpandedPath="\\SERVER.corp.testlab.com\sysvol\corp.testlab.com\Policies\{07B9B345-94CB-43F9-9BD7-2EB9AAFED940}\Machine\Scripts\Shutdown" bkp:Location="DomainSysvol\GPO\Machine\Scripts\Shutdown"/><FSObjectDir bkp:Path="%GPO_MACH_FSPATH%\Scripts\Startup" bkp:SourceExpandedPath="\\SERVER.corp.testlab.com\sysvol\corp.testlab.com\Policies\{07B9B345-94CB-43F9-9BD7-2EB9AAFED940}\Machine\Scripts\Startup" bkp:Location="DomainSysvol\GPO\Machine\Scripts\Startup"/></GroupPolicyExtension></GroupPolicyObject>
</GroupPolicyBackupScheme>