<BackupInst xmlns="http://www.microsoft.com/GroupPolicy/GPOOperations/Manifest" xmlns:mfst="http://www.microsoft.com/GroupPolicy/GPOOperations/Manifest" mfst:SIPresent="true"><GPOGuid><![CDATA[{07B9B345-94CB-43F9-9BD7-2EB9AAFED940}]]></GPOGuid><GPODomain><![CDATA[corp.testlab.com]]></GPODomain><GPODomainGuid><![CDATA[{0bbee9fb-c431-4748-8778-8f2d12aaa9f7}]]></GPODomainGuid><GPODomainController><![CDATA[SERVER.corp.testlab.com]]></GPODomainController><BackupTime><![CDATA[2021-11-10T20:21:09]]></BackupTime><ID><![CDATA[{51804EEC-DFDE-4306-8CF1-BB468FD91006}]]></ID><Comment><![CDATA[]]></Comment><GPODisplayName><![CDATA[PYRAMID - Windows 10 Policy Laptop]]></GPODisplayName></BackupInst>
