<BackupInst xmlns="http://www.microsoft.com/GroupPolicy/GPOOperations/Manifest" xmlns:mfst="http://www.microsoft.com/GroupPolicy/GPOOperations/Manifest" mfst:SIPresent="true"><GPOGuid><![CDATA[{C8E62FEF-AB93-44DD-B0BF-3CF9A8420B94}]]></GPOGuid><GPODomain><![CDATA[corp.customer.com]]></GPODomain><GPODomainGuid><![CDATA[{51cc2485-1b17-4468-9411-382549a9317a}]]></GPODomainGuid><GPODomainController><![CDATA[SERVER.corp.customer.com]]></GPODomainController><BackupTime><![CDATA[2021-11-11T17:37:38]]></BackupTime><ID><![CDATA[{FEF46D77-82DB-4C0E-BDB1-7E9344CE1742}]]></ID><Comment><![CDATA[]]></Comment><GPODisplayName><![CDATA[PYRAMID - Windows 10 Policy Laptop]]></GPODisplayName></BackupInst>
