<?xml version="1.0" encoding="utf-8"?><!-- Copyright (c) Microsoft Corporation.  All rights reserved. --><GroupPolicyBackupScheme bkp:version="2.0" bkp:type="GroupPolicyBackupTemplate" xmlns:bkp="http://www.microsoft.com/GroupPolicy/GPOOperations" xmlns="http://www.microsoft.com/GroupPolicy/GPOOperations">
    <GroupPolicyObject><SecurityGroups><Group bkp:Source="FromDACL"><Sid><![CDATA[S-1-5-21-2861421527-3752192807-2116148700-519]]></Sid><SamAccountName><![CDATA[Enterprise Admins]]></SamAccountName><Type><![CDATA[UniversalGroup]]></Type><NetBIOSDomainName><![CDATA[TESTLAB]]></NetBIOSDomainName><DnsDomainName><![CDATA[corp.testlab.com]]></DnsDomainName><UPN><![CDATA[Enterprise Admins@corp.testlab.com]]></UPN></Group><Group bkp:Source="FromDACL"><Sid><![CDATA[S-1-5-21-2861421527-3752192807-2116148700-512]]></Sid><SamAccountName><![CDATA[Domain Admins]]></SamAccountName><Type><![CDATA[GlobalGroup]]></Type><NetBIOSDomainName><![CDATA[TESTLAB]]></NetBIOSDomainName><DnsDomainName><![CDATA[corp.testlab.com]]></DnsDomainName><UPN><![CDATA[Domain Admins@corp.testlab.com]]></UPN></Group></SecurityGroups><FilePaths/><GroupPolicyCoreSettings><ID><![CDATA[{402D3D23-F6A0-4F46-87A4-5054491C585A}]]></ID><Domain><![CDATA[corp.testlab.com]]></Domain><SecurityDescriptor>01 00 04 9c 00 00 00 00 00 00 00 00 00 00 00 00 14 00 00 00 04 00 ec 00 08 00 00 00 05 02 28 00 00 01 00 00 01 00 00 00 8f fd ac ed b3 ff d1 11 b4 1d 00 a0 c9 68 f9 39 01 01 00 00 00 00 00 05 0b 00 00 00 00 00 24 00 ff 00 0f 00 01 05 00 00 00 00 00 05 15 00 00 00 d7 d3 8d aa 27 eb a5 df dc dd 21 7e 00 02 00 00 00 02 24 00 ff 00 0f 00 01 05 00 00 00 00 00 05 15 00 00 00 d7 d3 8d aa 27 eb a5 df dc dd 21 7e 00 02 00 00 00 02 24 00 ff 00 0f 00 01 05 00 00 00 00 00 05 15 00 00 00 d7 d3 8d aa 27 eb a5 df dc dd 21 7e 07 02 00 00 00 02 14 00 94 00 02 00 01 01 00 00 00 00 00 05 09 00 00 00 00 02 14 00 94 00 02 00 01 01 00 00 00 00 00 05 0b 00 00 00 00 02 14 00 ff 00 0f 00 01 01 00 00 00 00 00 05 12 00 00 00 00 0a 14 00 ff 00 0f 00 01 01 00 00 00 00 00 03 00 00 00 00</SecurityDescriptor><DisplayName><![CDATA[PYRAMID - Default User Policy]]></DisplayName><Options><![CDATA[0]]></Options><UserVersionNumber><![CDATA[65537]]></UserVersionNumber><MachineVersionNumber><![CDATA[65537]]></MachineVersionNumber><MachineExtensionGuids/><UserExtensionGuids><![CDATA[[{35378EAC-683F-11D2-A89A-00C04FBBCFA2}{D02B1F73-3407-48AE-BA88-E8213C6761F1}]]]></UserExtensionGuids><WMIFilter/></GroupPolicyCoreSettings> 
        <GroupPolicyExtension bkp:ID="{35378EAC-683F-11D2-A89A-00C04FBBCFA2}" bkp:DescName="Registry">
            
            <FSObjectFile bkp:Path="%GPO_USER_FSPATH%\registry.pol" bkp:SourceExpandedPath="\\SERVER.corp.testlab.com\sysvol\corp.testlab.com\Policies\{402D3D23-F6A0-4F46-87A4-5054491C585A}\User\registry.pol" bkp:Location="DomainSysvol\GPO\User\registry.pol"/>
            <FSObjectFile bkp:Path="%GPO_FSPATH%\Adm\*.*" bkp:SourceExpandedPath="\\SERVER.corp.testlab.com\sysvol\corp.testlab.com\Policies\{402D3D23-F6A0-4F46-87A4-5054491C585A}\Adm\*.*"/>
        </GroupPolicyExtension>
        
        
        
        
        
        
        
        
        
    <GroupPolicyExtension bkp:ID="{F15C46CD-82A0-4C2D-A210-5D0D3182A418}" bkp:DescName="Unknown Extension"><FSObjectFile bkp:Path="%GPO_USER_FSPATH%\comment.cmtx" bkp:SourceExpandedPath="\\SERVER.corp.testlab.com\sysvol\corp.testlab.com\Policies\{402D3D23-F6A0-4F46-87A4-5054491C585A}\User\comment.cmtx" bkp:Location="DomainSysvol\GPO\User\comment.cmtx"/></GroupPolicyExtension></GroupPolicyObject>
</GroupPolicyBackupScheme>