<BackupInst xmlns="http://www.microsoft.com/GroupPolicy/GPOOperations/Manifest"><GPOGuid><![CDATA[{402D3D23-F6A0-4F46-87A4-5054491C585A}]]></GPOGuid><GPODomain><![CDATA[corp.testlab.com]]></GPODomain><GPODomainGuid><![CDATA[{0bbee9fb-c431-4748-8778-8f2d12aaa9f7}]]></GPODomainGuid><GPODomainController><![CDATA[SERVER.corp.testlab.com]]></GPODomainController><BackupTime><![CDATA[2021-11-10T20:21:06]]></BackupTime><ID><![CDATA[{8F74154B-E2B8-446B-954C-A74DFB412209}]]></ID><Comment><![CDATA[]]></Comment><GPODisplayName><![CDATA[PYRAMID - Default User Policy]]></GPODisplayName></BackupInst>
