<BackupInst xmlns="http://www.microsoft.com/GroupPolicy/GPOOperations/Manifest" xmlns:mfst="http://www.microsoft.com/GroupPolicy/GPOOperations/Manifest" mfst:SIPresent="true"><GPOGuid><![CDATA[{BDB80A89-63D4-4D32-B3AF-0F560BD3B244}]]></GPOGuid><GPODomain><![CDATA[corp.customer.com]]></GPODomain><GPODomainGuid><![CDATA[{51cc2485-1b17-4468-9411-382549a9317a}]]></GPODomainGuid><GPODomainController><![CDATA[SERVER.corp.customer.com]]></GPODomainController><BackupTime><![CDATA[2021-11-11T17:37:36]]></BackupTime><ID><![CDATA[{154D609E-6095-496B-AC88-ED64B6BDED15}]]></ID><Comment><![CDATA[]]></Comment><GPODisplayName><![CDATA[PYRAMID - Domain Server Member Policy 2012/R2]]></GPODisplayName></BackupInst>
