<Backups xmlns="http://www.microsoft.com/GroupPolicy/GPOOperations/Manifest" xmlns:mfst="http://www.microsoft.com/GroupPolicy/GPOOperations/Manifest" mfst:version="1.0"><BackupInst mfst:SIPresent="true"><GPOGuid><![CDATA[{07B9B345-94CB-43F9-9BD7-2EB9AAFED940}]]></GPOGuid><GPODomain><![CDATA[corp.testlab.com]]></GPODomain><GPODomainGuid><![CDATA[{0bbee9fb-c431-4748-8778-8f2d12aaa9f7}]]></GPODomainGuid><GPODomainController><![CDATA[SERVER.corp.testlab.com]]></GPODomainController><BackupTime><![CDATA[2021-11-10T20:21:09]]></BackupTime><ID><![CDATA[{51804EEC-DFDE-4306-8CF1-BB468FD91006}]]></ID><Comment><![CDATA[]]></Comment><GPODisplayName><![CDATA[PYRAMID - Windows 10 Policy Laptop]]></GPODisplayName></BackupInst><BackupInst mfst:SIPresent="true"><GPOGuid><![CDATA[{85AF3EF6-54EE-4DF4-B0C5-38BA5A8AFF9D}]]></GPOGuid><GPODomain><![CDATA[corp.testlab.com]]></GPODomain><GPODomainGuid><![CDATA[{0bbee9fb-c431-4748-8778-8f2d12aaa9f7}]]></GPODomainGuid><GPODomainController><![CDATA[SERVER.corp.testlab.com]]></GPODomainController><BackupTime><![CDATA[2021-11-10T20:21:08]]></BackupTime><ID><![CDATA[{51485BF8-8EAE-483E-AC1F-610CB462A697}]]></ID><Comment><![CDATA[]]></Comment><GPODisplayName><![CDATA[PYRAMID - Windows 10 Policy Desktop]]></GPODisplayName></BackupInst><BackupInst><GPOGuid><![CDATA[{05DFB51D-0C9E-4904-9CDA-7E759EF1F970}]]></GPOGuid><GPODomain><![CDATA[corp.testlab.com]]></GPODomain><GPODomainGuid><![CDATA[{0bbee9fb-c431-4748-8778-8f2d12aaa9f7}]]></GPODomainGuid><GPODomainController><![CDATA[SERVER.corp.testlab.com]]></GPODomainController><BackupTime><![CDATA[2021-11-10T20:21:07]]></BackupTime><ID><![CDATA[{FF06DEB1-D4B4-4B5C-9BB2-E8C573DC5629}]]></ID><Comment><![CDATA[]]></Comment><GPODisplayName><![CDATA[PYRAMID - Domain Server Member Policy 2019]]></GPODisplayName></BackupInst><BackupInst><GPOGuid><![CDATA[{7E94E03B-1381-49EC-9E4C-AB0014988877}]]></GPOGuid><GPODomain><![CDATA[corp.testlab.com]]></GPODomain><GPODomainGuid><![CDATA[{0bbee9fb-c431-4748-8778-8f2d12aaa9f7}]]></GPODomainGuid><GPODomainController><![CDATA[SERVER.corp.testlab.com]]></GPODomainController><BackupTime><![CDATA[2021-11-10T20:21:07]]></BackupTime><ID><![CDATA[{D5C13693-E77F-4A95-90DF-F7367CB8E6BB}]]></ID><Comment><![CDATA[]]></Comment><GPODisplayName><![CDATA[PYRAMID - Domain Server Member Policy 2016]]></GPODisplayName></BackupInst><BackupInst><GPOGuid><![CDATA[{929F6F08-CB3B-41F6-9F67-E8EAEC3A2F87}]]></GPOGuid><GPODomain><![CDATA[corp.testlab.com]]></GPODomain><GPODomainGuid><![CDATA[{0bbee9fb-c431-4748-8778-8f2d12aaa9f7}]]></GPODomainGuid><GPODomainController><![CDATA[SERVER.corp.testlab.com]]></GPODomainController><BackupTime><![CDATA[2021-11-10T20:21:06]]></BackupTime><ID><![CDATA[{8BD020F6-D525-4683-920F-CE8EF81E6BF9}]]></ID><Comment><![CDATA[]]></Comment><GPODisplayName><![CDATA[PYRAMID - Domain Server Member Policy 2012/R2]]></GPODisplayName></BackupInst><BackupInst><GPOGuid><![CDATA[{C5E41AC8-EBA1-4B49-B208-6BD245C35260}]]></GPOGuid><GPODomain><![CDATA[corp.testlab.com]]></GPODomain><GPODomainGuid><![CDATA[{0bbee9fb-c431-4748-8778-8f2d12aaa9f7}]]></GPODomainGuid><GPODomainController><![CDATA[SERVER.corp.testlab.com]]></GPODomainController><BackupTime><![CDATA[2021-11-10T20:21:06]]></BackupTime><ID><![CDATA[{789D07C3-C3E7-4EB0-BC54-744F86DCD948}]]></ID><Comment><![CDATA[]]></Comment><GPODisplayName><![CDATA[PYRAMID - Domain Controller Policy]]></GPODisplayName></BackupInst><BackupInst><GPOGuid><![CDATA[{402D3D23-F6A0-4F46-87A4-5054491C585A}]]></GPOGuid><GPODomain><![CDATA[corp.testlab.com]]></GPODomain><GPODomainGuid><![CDATA[{0bbee9fb-c431-4748-8778-8f2d12aaa9f7}]]></GPODomainGuid><GPODomainController><![CDATA[SERVER.corp.testlab.com]]></GPODomainController><BackupTime><![CDATA[2021-11-10T20:21:06]]></BackupTime><ID><![CDATA[{8F74154B-E2B8-446B-954C-A74DFB412209}]]></ID><Comment><![CDATA[]]></Comment><GPODisplayName><![CDATA[PYRAMID - Default User Policy]]></GPODisplayName></BackupInst><BackupInst><GPOGuid><![CDATA[{31B2F340-016D-11D2-945F-00C04FB984F9}]]></GPOGuid><GPODomain><![CDATA[corp.testlab.com]]></GPODomain><GPODomainGuid><![CDATA[{0bbee9fb-c431-4748-8778-8f2d12aaa9f7}]]></GPODomainGuid><GPODomainController><![CDATA[SERVER.corp.testlab.com]]></GPODomainController><BackupTime><![CDATA[2021-11-10T20:21:06]]></BackupTime><ID><![CDATA[{8EE0CC3B-7F81-4393-B5A6-55DCBC70D6C7}]]></ID><Comment><![CDATA[]]></Comment><GPODisplayName><![CDATA[Default Domain Policy]]></GPODisplayName></BackupInst><BackupInst><GPOGuid><![CDATA[{6AC1786C-016F-11D2-945F-00C04fB984F9}]]></GPOGuid><GPODomain><![CDATA[corp.testlab.com]]></GPODomain><GPODomainGuid><![CDATA[{0bbee9fb-c431-4748-8778-8f2d12aaa9f7}]]></GPODomainGuid><GPODomainController><![CDATA[SERVER.corp.testlab.com]]></GPODomainController><BackupTime><![CDATA[2021-11-10T20:21:00]]></BackupTime><ID><![CDATA[{566DC010-F09A-4ECE-941B-A468E3647F38}]]></ID><Comment><![CDATA[]]></Comment><GPODisplayName><![CDATA[Default Domain Controllers Policy]]></GPODisplayName></BackupInst></Backups>