<BackupInst xmlns="http://www.microsoft.com/GroupPolicy/GPOOperations/Manifest"><GPOGuid><![CDATA[{45F76C61-E5D2-42D6-AE33-613420917515}]]></GPOGuid><GPODomain><![CDATA[corp.customer.com]]></GPODomain><GPODomainGuid><![CDATA[{51cc2485-1b17-4468-9411-382549a9317a}]]></GPODomainGuid><GPODomainController><![CDATA[SERVER.corp.customer.com]]></GPODomainController><BackupTime><![CDATA[2021-11-11T17:37:36]]></BackupTime><ID><![CDATA[{D7687CF9-4B16-4E85-8ADB-B74423E60428}]]></ID><Comment><![CDATA[]]></Comment><GPODisplayName><![CDATA[PYRAMID - Domain Controller Policy]]></GPODisplayName></BackupInst>
