<BackupInst xmlns="http://www.microsoft.com/GroupPolicy/GPOOperations/Manifest"><GPOGuid><![CDATA[{216A413C-E28C-4F9C-B95D-CC3B9BF67525}]]></GPOGuid><GPODomain><![CDATA[corp.customer.com]]></GPODomain><GPODomainGuid><![CDATA[{51cc2485-1b17-4468-9411-382549a9317a}]]></GPODomainGuid><GPODomainController><![CDATA[SERVER.corp.customer.com]]></GPODomainController><BackupTime><![CDATA[2021-11-11T13:54:31]]></BackupTime><ID><![CDATA[{ABC0E514-4FC8-4526-BB9E-C51CD5237AFE}]]></ID><Comment><![CDATA[]]></Comment><GPODisplayName><![CDATA[PYRAMID - Default User Policy]]></GPODisplayName></BackupInst>
